journalist_email,publish_date,headline,text,text_length,sentiment,sentiment_2,similarity_full_text,similarity_summary,generated_summary,analysis_journalist,analysis_notivation,llm_score,relevant_event
david.wilson@example.com,2024-04-18,Key Political Developments in 2024,"The political landscape in 2024 is marked by significant developments and shifts. Key issues dominating the political discourse include climate change, healthcare reform, and economic inequality. Governments around the world are implementing policies to address these challenges, with varying degrees of success. International relations are also in the spotlight, with geopolitical tensions and trade negotiations shaping global dynamics. As elections approach in several countries, political parties are outlining their visions and strategies to address pressing issues. The political developments of 2024 are expected to have far-reaching implications for the future.",90,0.765,4 stars,0.8078433275222778,0.6518988609313965,political landscape in 202424242424242424242424242424242424242424242424242424242424242424242424242424242424,**Political Journalist**,To inform readers about the major political trends and potential impacts of 202,7,"The key event or development likely relevant to the content is **the ongoing 2024 US Presidential Election**. 

The article mentions ""elections approaching in"
david.wilson@example.com,2024-07-25,The Impact of Social Media on Politics,"Social media is playing an increasingly influential role in politics, shaping public opinion and political discourse. Platforms such as Twitter, Facebook, and Instagram are being used by politicians, activists, and citizens to share information, mobilize support, and engage in debates. Social media has the power to amplify voices, spread messages quickly, and reach a wide audience. However, it also presents challenges such as misinformation, echo chambers, and polarization. The impact of social media on politics is complex and multifaceted, with both positive and negative implications for democratic processes.",88,0.8402,4 stars,0.8776842355728149,0.8540668487548828,"the impact on social media is playing an increasingly influential role in politics, in politics, important an increasing an increasing an increasingly influential role in politics, important in politics, important in politics, important",**Political Journalist**,To explore the multifaceted impact of social media on political discourse and its implications for democracy,8,"**The 2024 US Presidential Election Campaign** 

This is a highly relevant event because the content discusses the impact of social media on politics,"
david.wilson@example.com,2024-10-30,The Role of Youth in Politics,"Youth are playing an increasingly important role in politics, advocating for change and shaping the future. Young activists and leaders are using their voices to address issues such as climate change, social justice, and education reform. Social media and digital platforms are empowering youth to organize, mobilize, and influence public policy. Political parties and organizations are recognizing the importance of engaging with young voters and addressing their concerns. The involvement of youth in politics is driving positive change and ensuring that the voices of the next generation are heard.",89,0.9538,5 stars,0.8107138872146606,0.3665814995765686,into the voices of the next generation are heard.. The involvement’’’’’’’’’’’’’’’’’’’’’’’’’’’’’’’’,**Informative**,To highlight the growing influence and importance of youth in shaping political change.,8,"A relevant event around the publish date of 2024-10-30 is the **upcoming US midterm elections**. 

**Reasoning"
david.wilson@example.com,2025-01-15,The Role of Media in Shaping Public Opinion,"The media plays a crucial role in shaping public opinion and influencing political outcomes. News outlets, social media platforms, and online publications are key sources of information for the public. The media has the power to frame issues, set agendas, and shape narratives. However, media bias, misinformation, and sensationalism can also distort public perception and contribute to polarization. Understanding the role of media in shaping public opinion is essential for promoting informed and balanced discourse.",75,-0.128,4 stars,0.8665874004364014,0.5920889377593994,into public opinion is essential for promoting informed and balanced discourse. discourse. and balanced discourse. and balanced discourse. and balanced discourse. and balanced discourse. and balanced discours,**Political Journalist**,To understand the impact of media on public opinion and its potential for both good and,8,"**The upcoming 2025 US Presidential Election** 

This event is highly relevant to the article's content because:

* **Media'"
david.wilson@example.com,2025-04-20,The Impact of Political Polarization on Society,"Political polarization is having a profound impact on society, affecting public discourse, governance, and social cohesion. Divisive rhetoric and ideological divides are creating tensions and conflicts within communities. The media and social media platforms are amplifying polarized views, contributing to the spread of misinformation and echo chambers. Political polarization is also affecting governance, making it challenging to achieve consensus and implement policies. Addressing political polarization requires efforts to promote dialogue, understanding, and collaboration across different perspectives.",76,-0.296,2 stars,0.8672340512275696,0.6340728998184204,"theorising polarization is having a profound impact on society, affecting affecting, affecting affecting affecting, affecting, affecting affecting, affecting, affecting, affecting, and affecting",**Analytical Journalist**,To raise awareness about the negative societal impacts of political polarization and offer solutions.,8,"**The upcoming US Presidential election in 2024.** 

This election is highly anticipated to be one of the most divisive in recent history, with"
emily.jones@example.com,2024-01-10,Top Home Improvement Trends for 2024,"Home improvement trends for 2024 are all about sustainability, smart technology, and personalization. Homeowners are increasingly opting for eco-friendly materials and energy-efficient appliances to reduce their carbon footprint. Smart home technology is also on the rise, with innovations such as automated lighting, climate control, and security systems becoming more accessible. Personalization is key, with custom cabinetry, unique fixtures, and tailored design elements reflecting individual tastes and lifestyles. These trends are transforming homes into more sustainable, efficient, and personalized spaces.",79,0.9166,5 stars,0.8552740812301636,0.43402886390686035,"the trends are all about sustainability, smart technology, and personalization. personalization. personalized personal, and personal, and personalized personal, and personal, and personal and personalized personal, and personalized, and personal",**Informative**,"To inform homeowners about the latest trends in sustainable, tech-driven, and personalized",8,"**The Inflation Reduction Act (IRA) signing into law on August 16, 2022.** 

This act includes significant tax credits and"
emily.jones@example.com,2024-03-15,DIY Home Improvement Projects for Beginners,"DIY home improvement projects are a great way for beginners to enhance their living spaces without breaking the bank. Simple projects such as painting walls, installing shelves, and updating fixtures can make a big difference. Painting is one of the easiest and most cost-effective ways to refresh a room. Installing shelves can add storage and display space, while updating fixtures such as faucets and light switches can modernize a home. With a little creativity and effort, beginners can tackle DIY projects and transform their homes into more functional and stylish spaces.",91,0.9044,4 stars,0.8550769090652466,0.5518054366111755,these days can tackle DIY projects and transform their homes into more functional and stylish spaces stylish spaces. stylish spaces into more functional and stylish spaces. stylish spaces. stylish spaces.,**Informative**,To empower beginners to improve their homes affordably and creatively.,8,"**The rise of home renovation shows and influencers.** 

The publish date of March 15th, 2024, aligns with the trend"
emily.jones@example.com,2024-06-20,Maximizing Space in Small Homes,"Maximizing space in small homes requires creative and practical solutions. Key strategies include using multifunctional furniture, optimizing storage, and creating open layouts. Multifunctional furniture, such as sofa beds and fold-out desks, can save space and add versatility. Built-in storage solutions, such as shelves and cabinets, can help keep spaces organized and clutter-free. Open layouts create a sense of space and flow, making small homes feel larger. With thoughtful design and planning, small homes can be both functional and stylish.",79,0.959,4 stars,0.8346573114395142,0.07997986674308777,"andandables, can be both functional and stylish., stylish., stylish..”, stylish..”, stylish..”, stylish..”, and stylish. and stylish. with,",**Home Design**,To help readers make the most of their limited space in small homes.,8,"**The rise of ""tiny house"" movement and its increasing popularity.** 

The publish date of June 20th, 2024,"
emily.jones@example.com,2024-09-25,Innovative Home Design Ideas for Modern Living,"Innovative home design ideas are transforming living spaces to meet the needs of modern lifestyles. Open floor plans, multifunctional furniture, and sustainable materials are some of the key trends. Open floor plans create a sense of space and flow, making homes feel larger and more connected. Multifunctional furniture, such as sofa beds and extendable tables, maximizes space and versatility. Sustainable materials, such as reclaimed wood and recycled metal, are being used to create eco-friendly and stylish interiors. These design ideas are enhancing the functionality, aesthetics, and sustainability of modern homes.",90,0.7269,5 stars,0.8599138855934143,0.49466145038604736,"into the key trends. Open floor plans, multifunctional, and sustainable, and sustainable, , and sustainable, , are styl, and are styl, and are stylragerageragerageragerageragerageragerage",**Home Decor**,"To inspire readers to create modern, functional, and sustainable homes.",8,"**The rise of remote work and the increasing demand for flexible living spaces.** 

This event is relevant because:

* **Open floor plans** are a"
emily.jones@example.com,2024-12-01,Holiday Home Decor Ideas,"Holiday home decor ideas are all about creating a festive and cozy atmosphere. Key trends include natural elements, DIY decorations, and personalized touches. Natural elements such as pinecones, greenery, and wood add a rustic and warm feel to holiday decor. DIY decorations, such as handmade ornaments and wreaths, offer a personal and creative touch. Personalized touches, such as custom stockings and family photo displays, make the holiday season special and memorable. With these decor ideas, homeowners can create a festive and inviting space for the holidays.",86,0.9846,4 stars,0.7796566486358643,0.6413041949272156,"the holidays, and personalized touches. With these decor ideas, homeowners, homeow. personal touches. personal touches. personal touches. personal touches, homeow, homeow, homeow,",**Home Decor**,To inspire readers to create festive and personalized holiday home decor.,8,"**The upcoming Christmas season (December 2024)** 

The content focuses on holiday decor ideas, which are directly tied to the Christmas season."
james.taylor@example.com,2024-06-15,Sustainable Fashion: The New Norm,"Sustainable fashion is no longer a niche market; it has become the new norm in the industry. Consumers are increasingly prioritizing ethical and eco-friendly practices when making fashion choices. Brands are responding by adopting sustainable materials, transparent supply chains, and fair labor practices. Innovations such as biodegradable fabrics, upcycled designs, and zero-waste production methods are gaining traction. The shift towards sustainability is driven by a growing awareness of the environmental and social impacts of fashion. As sustainable fashion continues to evolve, it is set to redefine the industry and inspire positive change.",92,0.9349,5 stars,0.8271102905273438,0.4162401258945465,the industry and eco-waste production methods are gaining traction. The sustainability sustain sustain sustain sustain sustainability..” sustain sustain sustain sustain sustain sustainability.. and sustain sustainability. sustainability. and sustainability.,**Informative**,To highlight the growing mainstream adoption of sustainable fashion practices.,9,"A relevant event or development around the publish date of June 15, 2024, is the **potential launch of the EU's new"
james.taylor@example.com,2024-09-20,The Influence of Streetwear on High Fashion,"Streetwear is having a significant influence on high fashion, blending casual and luxury styles. Designers are incorporating elements of streetwear, such as graphic tees, hoodies, and sneakers, into their collections. This fusion of styles is creating a new aesthetic that appeals to a diverse audience. Streetwear's emphasis on individuality and self-expression is resonating with consumers, driving demand for unique and limited-edition pieces. The influence of streetwear on high fashion is reshaping the industry and challenging traditional notions of luxury.",79,0.5994,5 stars,0.8647708892822266,0.7249410152435303,"into the industry is having a significant influence on high fashion, blend on high fashion, influence on high fashion. luxury.",Fashion Journalist,To explore the growing impact of streetwear on high fashion and its implications for the industry,8,"**The release of a major streetwear brand's collaboration with a high-fashion house.** 

This type of event would directly illustrate the influence of streetwear on"
james.taylor@example.com,2024-12-25,The Rise of Athleisure: Fashion Meets Function,"Athleisure, the trend of wearing athletic-inspired clothing for everyday activities, is on the rise. This fashion trend combines style and comfort, making it popular among consumers of all ages. Athleisure pieces such as leggings, hoodies, and sneakers are designed to be versatile, allowing wearers to transition seamlessly from workouts to casual outings. The trend is driven by a growing emphasis on health and wellness, as well as a desire for practical and stylish clothing. As athleisure continues to gain momentum, it is reshaping the fashion industry and blurring the lines between activewear and everyday wear.",95,0.9509,5 stars,0.7397331595420837,0.49500367045402527,the trend. Athleisure continues to gaining to gaining to gaining to gaining to gaining to gaining to gaining to gaining to gaining to gaining to gaining to gaining to gaining to,Fashion Writer,To explain the growing popularity of athleisure and its impact on fashion.,8,"**The 2024 Summer Olympics in Paris** 

The Olympics are a major global event that showcases athletic performance and inspires a focus on health and"
james.taylor@example.com,2025-03-30,The Impact of Technology on Fashion Design,"Technology is revolutionizing fashion design, offering new tools and possibilities for creativity and innovation. Digital design software, 3D printing, and virtual reality are transforming the way designers create and present their collections. Digital design software allows for precise and efficient design processes, while 3D printing enables the creation of intricate and customized pieces. Virtual reality is providing immersive experiences for fashion shows and retail environments. The integration of technology in fashion design is pushing the boundaries of creativity and redefining the industry.",82,0.9246,5 stars,0.7256520986557007,0.34852826595306396,into the boundaries of creativity and redefining and redefining the industry and redefining the creativity and redefining the industry and redefining the industry and redefining the creativity,**Informative**,"To explore how technology is changing fashion design, from creation to presentation.",8,"**The launch of a major new fashion technology platform or service focused on 3D design and production.** 

Here's why:

* **Relevance"
james.taylor@example.com,2025-06-05,Spring Fashion Trends to Watch,"The fashion industry is buzzing with excitement as designers unveil their spring collections. Key trends for the season include bold colors, oversized silhouettes, and sustainable fabrics. Designers are embracing vibrant hues such as electric blue, neon green, and hot pink to make a statement. Oversized blazers, wide-leg pants, and voluminous dresses are dominating the runways, offering a fresh take on classic styles. Sustainability remains a top priority, with many designers incorporating recycled materials and eco-friendly practices into their collections. Fashion enthusiasts can look forward to a season of bold, sustainable, and innovative designs.",93,0.9517,4 stars,0.7305307984352112,0.5040348172187805,into a season is buzzing with designers unveil designer collections. excitement as designers excitement as designers excitement as designers unwards. fashion collections. fashion collections. excitement as designers unveil,Fashion Writer,To inform readers about the exciting and innovative spring fashion trends for the upcoming season.,8,"**The COP28 Climate Change Conference** 

**Reasoning:**

* **Sustainability Focus:** The article explicitly mentions sustainability as a key trend. COP"
laura.martinez@example.com,2024-05-25,Gardening Tips for a Thriving Summer Garden,"As summer approaches, gardeners are preparing to make the most of the growing season. Key tips for a thriving summer garden include proper watering, soil preparation, and pest control. Watering deeply and consistently is essential to keep plants hydrated during hot weather. Adding organic matter to the soil can improve its structure and fertility, promoting healthy plant growth. Integrated pest management techniques, such as using beneficial insects and natural repellents, can help keep pests at bay. With the right care and attention, gardeners can enjoy a bountiful and beautiful summer garden.",91,0.982,4 stars,0.8568416237831116,0.37474822998046875,into the most of the most of the growing season. thriving of the growing season.’’’’’’’’’’’’’’’’’’’’’’’’’’’’,**Informative**,To provide practical advice for gardeners to maximize their summer garden's success.,8,"**The potential for a heatwave in the summer of 2024.** 

This is a relevant event because the article focuses on ""thri"
laura.martinez@example.com,2024-08-30,Winter Gardening Tips for a Healthy Garden,"Winter gardening requires special care and attention to ensure plants stay healthy during the colder months. Key tips for winter gardening include protecting plants from frost, maintaining soil health, and planning for spring. Using mulch and frost covers can help insulate plants and protect them from freezing temperatures. Adding compost and organic matter to the soil can improve its structure and fertility. Winter is also a good time to plan and prepare for spring planting, selecting seeds and designing garden layouts. With proper care, gardeners can keep their gardens healthy and thriving throughout the winter.",95,0.9774,4 stars,0.8333830833435059,0.4646734595298767,"into spring planting soil health, and planning for spring, and planning for spring, and planning for spring, and planning, and design layout, and planning, and design layout, and designs, and designs. With proper",**Informative**,To help gardeners maintain healthy gardens during the winter months.,8,"**The potential for a late frost or early cold snap in the fall.** 

This is a relevant event because:

* **It directly impacts winter gardening"
laura.martinez@example.com,2024-11-15,Creating a Wildlife-Friendly Garden,"Creating a wildlife-friendly garden involves incorporating elements that support local wildlife and biodiversity. Key features include native plants, water sources, and shelter. Native plants provide food and habitat for local wildlife, such as birds, bees, and butterflies. Water sources, such as birdbaths and ponds, offer drinking and bathing opportunities. Providing shelter, such as nesting boxes and log piles, can create safe spaces for wildlife to thrive. By creating a wildlife-friendly garden, gardeners can contribute to the conservation of local ecosystems and enjoy the beauty of nature.",86,0.9623,4 stars,0.8010119795799255,0.48254790902137756,"the conservationists, and butterflies. Water sources, offer drinking. Water sources. plants. plants. plants. plants. plants. plants. plants. plants. plants.",**Informative**,To inspire readers to create gardens that support local wildlife and biodiversity.,8,"**The upcoming release of a new national wildlife conservation plan.** 

This is a relevant event because:

* **Increased focus on biodiversity:**  Governments"
laura.martinez@example.com,2025-02-20,Sustainable Gardening Practices for a Greener Future,"Sustainable gardening practices are essential for creating environmentally friendly and resilient gardens. Techniques such as composting, water conservation, and native planting can reduce the environmental impact of gardening. Composting organic waste enriches the soil and reduces the need for chemical fertilizers. Water conservation methods such as drip irrigation and rainwater harvesting can minimize water usage. Planting native species supports local ecosystems and promotes biodiversity. By adopting sustainable gardening practices, gardeners can contribute to a greener and more sustainable future.",79,0.7579,5 stars,0.7981337308883667,0.7678385972976685,"the environmental and more sustainable gardeners can contribute to a greener to a greener and more sustainable future.” to a green, to a green, to a green, to a green, to a green, to a greener,",**Informative**,To educate readers on how to create environmentally friendly and resilient gardens.,9,"**The COP28 Climate Change Conference (November 2023)**

**Reasoning:**

* **Global Focus on Sustainability:** COP28"
laura.martinez@example.com,2025-05-25,The Benefits of Community Gardening,"Community gardening offers numerous benefits, including social, environmental, and health advantages. Community gardens provide a space for people to come together, share knowledge, and build relationships. They promote environmental sustainability by encouraging local food production and reducing food miles. Gardening also offers physical and mental health benefits, such as exercise, stress relief, and improved well-being. Community gardening initiatives are gaining popularity as more people recognize the value of growing food and connecting with their communities.",75,0.9783,5 stars,0.898175835609436,0.4600232243537903,into the value the value of growing food and connecting and connecting with connecting with their communities and connecting. connecting and connecting and connecting and connecting and connecting. connecting and connecting and connecting,**Informative**,To highlight the positive impacts of community gardening on individuals and the environment.,8,"**The potential for increased food insecurity due to climate change and rising food prices.** 

This event is relevant because:

* **Food Security:**  Climate"
michael.smith@example.com,2024-02-05,Spring Fashion Trends to Watch,"The fashion industry is buzzing with excitement as designers unveil their spring collections. Key trends for the season include bold colors, oversized silhouettes, and sustainable fabrics. Designers are embracing vibrant hues such as electric blue, neon green, and hot pink to make a statement. Oversized blazers, wide-leg pants, and voluminous dresses are dominating the runways, offering a fresh take on classic styles. Sustainability remains a top priority, with many designers incorporating recycled materials and eco-friendly practices into their collections. Fashion enthusiasts can look forward to a season of bold, sustainable, and innovative designs.",93,0.9517,4 stars,0.7305307984352112,0.5040348172187805,into a season is buzzing with designers unveil designer collections. excitement as designers excitement as designers excitement as designers unwards. fashion collections. fashion collections. excitement as designers unveil,Fashion Writer,To inform readers about the exciting and innovative spring fashion trends for the upcoming season.,8,"**The upcoming 2024 Paris Fashion Week** 

This is a highly relevant event because:

* **Major Fashion Shows:** Paris Fashion Week"
michael.smith@example.com,2024-05-10,Sustainable Fashion: The New Norm,"Sustainable fashion is no longer a niche market; it has become the new norm in the industry. Consumers are increasingly prioritizing ethical and eco-friendly practices when making fashion choices. Brands are responding by adopting sustainable materials, transparent supply chains, and fair labor practices. Innovations such as biodegradable fabrics, upcycled designs, and zero-waste production methods are gaining traction. The shift towards sustainability is driven by a growing awareness of the environmental and social impacts of fashion. As sustainable fashion continues to evolve, it is set to redefine the industry and inspire positive change.",92,0.9349,5 stars,0.8271102905273438,0.4162401258945465,the industry and eco-waste production methods are gaining traction. The sustainability sustain sustain sustain sustain sustainability..” sustain sustain sustain sustain sustain sustainability.. and sustain sustainability. sustainability. and sustainability.,**Informative**,To highlight the growing mainstream adoption of sustainable fashion practices.,9,A relevant event around the publish date of 2024-05-10 could be the **release of the UN's Sustainable Development Goals
michael.smith@example.com,2024-08-15,The Rise of Athleisure: Fashion Meets Function,"Athleisure, the trend of wearing athletic-inspired clothing for everyday activities, is on the rise. This fashion trend combines style and comfort, making it popular among consumers of all ages. Athleisure pieces such as leggings, hoodies, and sneakers are designed to be versatile, allowing wearers to transition seamlessly from workouts to casual outings. The trend is driven by a growing emphasis on health and wellness, as well as a desire for practical and stylish clothing. As athleisure continues to gain momentum, it is reshaping the fashion industry and blurring the lines between activewear and everyday wear.",95,0.9509,5 stars,0.7397331595420837,0.49500367045402527,the trend. Athleisure continues to gaining to gaining to gaining to gaining to gaining to gaining to gaining to gaining to gaining to gaining to gaining to gaining to gaining to,Fashion Writer,To explain the growing popularity of athleisure and its impact on fashion.,8,"**The Summer Olympics in Paris (2024)** 

The Summer Olympics are a major global event that showcases athletic performance and inspires a focus on health"
michael.smith@example.com,2024-11-20,The Influence of Streetwear on High Fashion,"Streetwear is having a significant influence on high fashion, blending casual and luxury styles. Designers are incorporating elements of streetwear, such as graphic tees, hoodies, and sneakers, into their collections. This fusion of styles is creating a new aesthetic that appeals to a diverse audience. Streetwear's emphasis on individuality and self-expression is resonating with consumers, driving demand for unique and limited-edition pieces. The influence of streetwear on high fashion is reshaping the industry and challenging traditional notions of luxury.",79,0.5994,5 stars,0.8647708892822266,0.7249410152435303,"into the industry is having a significant influence on high fashion, blend on high fashion, influence on high fashion. luxury.",Fashion Journalist,To explore the growing impact of streetwear on high fashion and its implications for the industry,8,"**The release of a major streetwear brand's collaboration with a high-fashion house.** 

This type of collaboration is a prime example of the influence of"
michael.smith@example.com,2025-02-25,The Impact of Technology on Fashion Design,"Technology is revolutionizing fashion design, offering new tools and possibilities for creativity and innovation. Digital design software, 3D printing, and virtual reality are transforming the way designers create and present their collections. Digital design software allows for precise and efficient design processes, while 3D printing enables the creation of intricate and customized pieces. Virtual reality is providing immersive experiences for fashion shows and retail environments. The integration of technology in fashion design is pushing the boundaries of creativity and redefining the industry.",82,0.9246,5 stars,0.7256520986557007,0.34852826595306396,into the boundaries of creativity and redefining and redefining the industry and redefining the creativity and redefining the industry and redefining the industry and redefining the creativity,**Informative**,"To explore how technology is changing fashion design, from creation to presentation.",8,"**The launch of a major new fashion technology platform or service focused on 3D design and production.**

**Reasoning:**

* **Relevance:** The"
olivia.davis@example.com,2024-07-20,DIY Home Improvement Projects for Beginners,"DIY home improvement projects are a great way for beginners to enhance their living spaces without breaking the bank. Simple projects such as painting walls, installing shelves, and updating fixtures can make a big difference. Painting is one of the easiest and most cost-effective ways to refresh a room. Installing shelves can add storage and display space, while updating fixtures such as faucets and light switches can modernize a home. With a little creativity and effort, beginners can tackle DIY projects and transform their homes into more functional and stylish spaces.",91,0.9044,4 stars,0.8550769090652466,0.5518054366111755,these days can tackle DIY projects and transform their homes into more functional and stylish spaces stylish spaces. stylish spaces into more functional and stylish spaces. stylish spaces. stylish spaces.,**Informative**,To empower beginners to improve their homes affordably and creatively.,8,"**The rise of home renovation shows and influencers.** 

This is a relevant event because:

* **Increased interest in DIY:** Home renovation shows and influencers"
olivia.davis@example.com,2024-10-10,Budget-Friendly Home Decor Ideas,"Decorating your home doesn't have to be expensive. With a few budget-friendly ideas, you can give your space a fresh new look without breaking the bank. Consider repurposing old furniture with a new coat of paint, using thrift store finds to add unique touches, and incorporating DIY projects such as homemade art and decor. Simple changes like updating throw pillows, adding indoor plants, and rearranging furniture can make a big impact. These budget-friendly home decor ideas will help you create a stylish and inviting space on a budget.",88,0.872,4 stars,0.6529868841171265,0.49577823281288147,"the budget-days, and rearranging furniture, and rearranging furniture, and rearranging,and,and,and,and,and,and,and,and,and,and,and,and,",**Practical**,To inspire readers to create stylish homes without spending a fortune.,8,"**The upcoming holiday season (Thanksgiving, Christmas, etc.)** 

**Reasoning:**

* **Home decor is often a focus during the holidays.**"
olivia.davis@example.com,2025-01-15,Creating a Cozy Home for Winter,"As the temperatures drop, creating a cozy home becomes a top priority. Key elements for a warm and inviting space include soft textiles, warm lighting, and seasonal decor. Layering blankets and throws on sofas and beds adds warmth and comfort. Using warm-toned lighting, such as string lights and candles, creates a cozy ambiance. Incorporating seasonal decor, such as wreaths, pinecones, and winter-themed accents, adds a festive touch. With these tips, you can transform your home into a cozy retreat for the winter months.",83,0.9468,5 stars,0.7462401390075684,0.5380608439445496,into a cozy home can transform your cozy retreat for from from from from from from from from from from from from from from from from from from from from from from from from from from from from from from from from from,Lifestyle,To inspire readers to create a warm and inviting home for winter.,8,"**The upcoming Winter Olympics in Milan, Italy, in 2026.** 

This event would likely influence the content of the article by emphasizing the"
olivia.davis@example.com,2025-04-05,Spring Cleaning Tips for a Fresh Start,"Spring is the perfect time to refresh your home with a thorough cleaning. Key tips for effective spring cleaning include decluttering, deep cleaning, and organizing. Start by decluttering each room, getting rid of items you no longer need or use. Deep clean surfaces, floors, and windows to remove dust and grime. Organize closets, cabinets, and storage areas to create a more functional and tidy space. Using natural cleaning products and fresh scents can also enhance the feeling of cleanliness. These spring cleaning tips will help you achieve a fresh and organized home.",92,0.9451,5 stars,0.8491180539131165,0.21374809741973877,"into the feeling ofcluttering, and organizing, organizing, organizing, organizing, organizing, organizing, organizing, organizing, organizing, organizing, organizing, organizing, organizing",**Home Decor**,To inspire readers to refresh their homes and start fresh with spring cleaning.,8,"**The upcoming Earth Day celebrations in April 2025.** 

This event would likely influence the content of the article by emphasizing the use of natural"
olivia.davis@example.com,2025-07-20,Outdoor Living Space Ideas,"Transform your outdoor space into a functional and stylish living area with these outdoor living space ideas. Consider creating different zones for dining, lounging, and entertaining. Use outdoor rugs, cushions, and lighting to add comfort and style. Incorporate plants and greenery to create a natural and inviting atmosphere. Adding features such as a fire pit, outdoor kitchen, or water feature can enhance the functionality and enjoyment of your outdoor space. With these ideas, you can create an outdoor living area that is perfect for relaxing and entertaining.",87,0.9766,5 stars,0.823227047920227,0.44357332587242126,"into a functional living room, and lighting to add comfort to add comfort for dining. to add for dining. for dining. to add allowing for dining. for dining. for relaxing. for di",**Home Decor**,To inspire readers to create functional and stylish outdoor living spaces.,8,"**The rise of ""smart home"" technology and its integration into outdoor living spaces.** 

This is a relevant event because:

* **Increased demand for"
sarah.brown@example.com,2024-03-12,The Future of Retail: Experiential Shopping,"The retail industry is evolving to meet the demands of modern consumers, with experiential shopping becoming a key trend. Retailers are creating immersive and interactive experiences to engage customers and enhance their shopping journeys. Pop-up shops, virtual reality try-ons, and personalized recommendations are just a few examples of how retailers are innovating. The focus is on creating memorable experiences that go beyond traditional shopping, encouraging customers to explore, interact, and connect with brands. As the retail landscape continues to change, experiential shopping is set to play a significant role in shaping the future of retail.",95,0.9081,4 stars,0.7841719388961792,0.5198836326599121,"into the retail industry is evolving to meet the demands, changing a key trend. changing to changing to meet the changing to changing to changing to meet the changing. and changing to changing a key trend. and changing a key",**Business Journalist**,To explain the growing importance of experiential shopping in the evolving retail landscape.,8,"**The rise of the Metaverse and its potential for immersive retail experiences.** 

The publish date of March 12, 2024, aligns"
sarah.brown@example.com,2024-06-18,The Evolution of Retail Technology,"Retail technology is evolving rapidly, transforming the way consumers shop and interact with brands. Innovations such as artificial intelligence, augmented reality, and blockchain are being integrated into retail operations. AI-powered chatbots and personalized recommendations are enhancing customer service and engagement. Augmented reality is providing immersive shopping experiences, allowing customers to visualize products in their homes. Blockchain is being used to improve supply chain transparency and security. As retail technology continues to advance, it is creating new opportunities for innovation and growth in the industry.",84,0.9607,5 stars,0.7195971012115479,0.6536339521408081,into the retail technology is creating new opportunities for innovation and growth in the industry in the industry.... the industry in the industry in the industry..... the industry...,**Business/Technology**,To showcase the transformative impact of retail technology on consumer shopping and brand interaction.,8,"**The launch of major new AI-powered retail platforms or services.** 

**Reasoning:**

* **AI is a central theme:** The content explicitly"
sarah.brown@example.com,2024-09-22,The Impact of E-commerce on Brick-and-Mortar Stores,"The rise of e-commerce is having a profound impact on brick-and-mortar stores, forcing retailers to adapt and innovate. Many traditional retailers are embracing omnichannel strategies, integrating online and offline shopping experiences to meet customer expectations. Click-and-collect services, in-store digital kiosks, and personalized shopping experiences are some of the ways retailers are bridging the gap between e-commerce and physical stores. The future of retail lies in creating seamless and convenient shopping experiences that cater to the evolving needs of consumers.",79,0.2732,5 stars,0.8349736928939819,0.6381966471672058,the future of the future of the gap between e-commerce and consumers.’’’’’’’’’’’’’’’’’’’’’’’’’’’’’’’,**Business Journalist**,To understand the impact of e-commerce on brick-and-mortar stores and,8,"**The rise of augmented reality (AR) and virtual reality (VR) shopping experiences.** 

**Reasoning:**

* **Relevance to E-commerce"
sarah.brown@example.com,2024-12-05,The Role of Sustainability in Retail,"Sustainability is becoming a key focus in the retail industry, with consumers increasingly demanding eco-friendly products and practices. Retailers are adopting sustainable sourcing, reducing waste, and implementing energy-efficient operations to meet these demands. Brands are also promoting transparency and ethical practices in their supply chains. The shift towards sustainability is not only driven by consumer preferences but also by regulatory requirements and corporate social responsibility. As sustainability becomes a central theme in retail, it is reshaping the industry and driving positive change.",82,0.7543,5 stars,0.8907366991043091,0.6142570972442627,"the sustainability is reshaping the industry and driving, the industry and driving positive change...”.”, and driving positivepingpingpingpingpingpingpingpingpingping the industry and driving the industry and driving the industry and",**Business Journalist**,To explain the growing importance of sustainability in the retail industry and its impact.,8,A relevant event or development around the publish date of 2024-12-05 is the **potential implementation of the EU's Sustainable
sarah.brown@example.com,2025-03-10,The Future of Retail Workforce,"The retail workforce is undergoing significant changes as technology and automation reshape the industry. Retailers are investing in training and upskilling programs to equip employees with the skills needed for the future. Roles such as data analysts, digital marketers, and customer experience specialists are becoming increasingly important. Automation is also transforming tasks such as inventory management and checkout processes, allowing employees to focus on more value-added activities. The future of the retail workforce lies in a combination of human expertise and technological innovation.",83,0.34,5 stars,0.7839873433113098,0.700666069984436,the future of human expertise. The future of the retail workforce lies lies lies lies lies lies lies lies lies lies lies lies lies lies lies lies lies,**Business Journalist**,To understand the evolving role of retail workers in a tech-driven future.,8,"**The rise of generative AI and its impact on customer service and retail operations.** 

This event is relevant because:

* **Generative AI can automate"
olivia.thompson@example.com,2024-01-20,Addressing Homelessness: Innovative Solutions,"Homelessness remains a pressing social issue, but innovative solutions are emerging to address it. Cities are implementing programs such as tiny home villages, supportive housing, and mobile health clinics to provide shelter and services to the homeless population. Non-profit organizations are also playing a crucial role, offering job training, mental health support, and addiction recovery programs. Collaboration between government, non-profits, and communities is essential to create sustainable solutions and help individuals transition out of homelessness.",75,0.967,4 stars,0.8717889189720154,0.6922544240951538,"the homelessnessless remains a pressing a pressing social, from from from from from from from from from from from from from from from from from from from from from from from from from from from from from the social,",**Informative**,To highlight innovative solutions and collaborative efforts to combat homelessness.,8,A relevant event or development around the publish date of 2024-01-20 could be the **release of a new report on the
olivia.thompson@example.com,2024-04-15,The Fight for Gender Equality,"Gender equality continues to be a significant social issue, with ongoing efforts to close the gender gap in various sectors. Advocacy groups are pushing for equal pay, representation in leadership positions, and access to education and healthcare for women and girls. Legislative changes, corporate policies, and public awareness campaigns are contributing to progress. However, challenges remain, and continued efforts are needed to achieve true gender equality. Empowering women and girls is not only a matter of justice but also essential for social and economic development.",85,0.65,4 stars,0.8003058433532715,0.622749924659729,Gender equality equality equality equality equality equality equality equality equality equality equality equality equality equality equality equality equality equality equality equality equality e,**Informative**,To highlight the ongoing struggle for gender equality and its importance for society.,8,A relevant event around the publish date of 2024-04-15 could be the **upcoming UN Women's World Conference on Gender
olivia.thompson@example.com,2024-07-10,Mental Health Awareness and Support,"Mental health awareness is gaining momentum, with increasing recognition of the importance of mental well-being. Efforts to reduce stigma, improve access to mental health services, and promote self-care are making a difference. Schools, workplaces, and communities are implementing programs to support mental health, such as counseling services, mental health education, and peer support groups. Public figures and influencers are also speaking out about their mental health experiences, encouraging others to seek help. Building a supportive environment for mental health is crucial for overall well-being and quality of life.",88,0.9702,5 stars,0.8013631105422974,0.2786374092102051,the public figures to seek help.. Building a help. Help. help. help. help. help. help. help. help. help. help. help. help. help. help. help. help. support,**Informative**,To raise awareness and promote support for mental health.,8,"**The release of a major mental health awareness campaign or initiative by a government agency or non-profit organization.** 

This is a likely event because:"
olivia.thompson@example.com,2024-10-05,Combating Racial Injustice,"Racial injustice remains a critical social issue, with ongoing efforts to address systemic racism and promote equality. Activists and organizations are advocating for police reform, criminal justice reform, and equitable access to education, healthcare, and employment. Public awareness campaigns, community initiatives, and policy changes are contributing to progress. However, achieving racial justice requires sustained efforts and a commitment to addressing the root causes of inequality. Building an inclusive and equitable society benefits everyone and strengthens communities.",76,0.7096,4 stars,0.787380576133728,0.44644588232040405,causes of inequality. Building an inclusive and equitable society benefits of an inclusive and equitable society benefits.”,**Informative**,To raise awareness about racial injustice and inspire action towards systemic change.,8,A relevant event or development around the publish date of 2024-10-05 could be the **potential release of a new report on
olivia.thompson@example.com,2025-01-30,Supporting LGBTQ+ Rights,"The fight for LGBTQ+ rights continues, with significant strides being made in many parts of the world. Advocacy groups are working to secure legal protections, combat discrimination, and promote acceptance and inclusion. Efforts to support LGBTQ+ youth, such as providing safe spaces, mental health resources, and educational programs, are particularly important. Public awareness campaigns and visibility of LGBTQ+ individuals in media and culture are also helping to change attitudes and reduce stigma. Supporting LGBTQ+ rights is essential for creating a just and inclusive society.",84,0.9538,5 stars,0.8115324378013611,0.021592264994978905,"intowardwards, with significant strides being made in the, being made in the, and, and, and, and, and, and, and, and, and, and, and, and, and and, and",**Social Justice**,To highlight the progress and importance of supporting LGBTQ+ rights.,8,A relevant event or development around the publish date of 2025-01-30 is the **potential for the overturning of Roe v
erik.svensson@example.com,2024-02-10,Ny butik öppnar i Umeå centrum,"En ny butik har öppnat i Umeå centrum och erbjuder ett brett utbud av lokala och internationella produkter. Butiken, som ligger på Storgatan, har redan blivit en favorit bland lokalbefolkningen. Med sitt fokus på hållbarhet och kvalitet, strävar butiken efter att erbjuda en unik shoppingupplevelse. Invigningen lockade många besökare och butiken planerar att hålla regelbundna evenemang och kampanjer för att engagera kunderna.",62,0.0,5 stars,0.8761065006256104,0.6676321029663086,"ार्थियों, har öppnat i Umeå centrum och erbjuder ett erbjuder ett erbjuder ett erbjuder ett erbjuder ett erbjuder ett utbud av hållbarhet utbud av utbud av hållbarhet på hållbarhet utbud av lokala och internationella produkter på Storgatan, har redan",**Local news**,"To inform the public about a new local business opening in Umeå, highlighting its",8,"**The upcoming Umeå City Council elections in 2024.** 

This is a relevant event because:

* **Local focus:** The article"
erik.svensson@example.com,2024-05-15,Ekologisk matbutik öppnar i Luleå,"En ny ekologisk matbutik har öppnat i Luleå och erbjuder ett brett sortiment av ekologiska och närproducerade varor. Butiken, som ligger i hjärtat av staden, har som mål att främja hållbar konsumtion och stödja lokala producenter. Kunderna kan hitta allt från färska grönsaker och frukter till ekologiska mejeriprodukter och bakverk. Butiken planerar också att hålla workshops och föreläsningar om hållbar livsstil.",61,0.0,5 stars,0.9057407975196838,0.3690386414527893,"मा, har öppnat som mål att främja hållbar konsumationningningningningningningningningningningningningningningningningningningningningningningningningningningningningningningningningningningning",**Informative**,To inform the public about a new eco-friendly grocery store opening in Lule,8,"**The Swedish government's announcement of a new national strategy for sustainable food production.** 

This is relevant because:

* **Focus on sustainability:** The"
erik.svensson@example.com,2024-08-20,Ny sportbutik öppnar i Kiruna,"En ny sportbutik har öppnat i Kiruna och erbjuder ett brett utbud av sportutrustning och kläder för alla åldrar. Butiken, som ligger nära stadens centrum, har specialiserat sig på utrustning för vinter- och friluftssporter. Med sitt breda sortiment och kunniga personal, strävar butiken efter att bli den främsta destinationen för sportentusiaster i regionen. Invigningen lockade många besökare och butiken planerar att hålla regelbundna evenemang och tävlingar.",66,0.0,5 stars,0.9181897640228271,0.9163893461227417,ny sportbutik har öppnat i Kirt i Kirt i Kirt i Kiruna och i Kirt i Kiruna och har öppnat i Kiruna och och at i Kiruna och erbjuder ett i Kiruna och,**Local News**,"To announce the opening of a new sports store in Kiruna, attracting customers and",8,"**The upcoming Winter Olympics in Milan and Cortina d'Ampezzo, Italy (which will be held in 2026).**"
erik.svensson@example.com,2024-11-05,Ny bokhandel öppnar i Skellefteå,"En ny bokhandel har öppnat i Skellefteå och erbjuder ett brett utbud av böcker, tidningar och kontorsmaterial. Butiken, som ligger på gågatan, har som mål att bli en kulturell mötesplats för stadens invånare. Förutom sitt breda sortiment, planerar bokhandeln att hålla författarbesök, boksigneringar och läsecirklar. Invigningen lockade många bokälskare och butiken har redan blivit en populär destination för litteraturintresserade.",59,0.0,5 stars,0.8815332651138306,0.7410969138145447,"मा, att bli bokhandel har öppnat i Skelleftefteå och erbjuder ett erbjuder ett blivit enborgborgningningningningningningningningningningningningningningningningningningningningningningning",**Local News**,"To announce the opening of a new bookstore in Skellefteå, promoting it",8,"**The release of the new Swedish National Library's digital platform.** 

**Reasoning:**

* **Focus on Culture:** The article emphasizes the new"
erik.svensson@example.com,2025-02-25,Ny modebutik öppnar i Örnsköldsvik,"En ny modebutik har öppnat i Örnsköldsvik och erbjuder ett brett utbud av kläder och accessoarer för både män och kvinnor. Butiken, som ligger i stadens centrum, har fokus på hållbart mode och erbjuder produkter från både lokala och internationella designers. Med sitt moderna och stilrena koncept, strävar butiken efter att erbjuda en unik shoppingupplevelse. Invigningen lockade många modeintresserade och butiken planerar att hålla regelbundna modevisningar och event.",68,0.0,5 stars,0.9127839207649231,0.821657657623291,ny modebutik har modebutik har modebutik har öppnat i Örn i Örn i Örn i Örn i Örn i Örn i Örn i Örn i Örn i Örn i Örn,**Local news**,To announce the opening of a new sustainable fashion boutique in Örnskölds,8,"**The upcoming COP28 climate summit in Dubai in November 2023.** 

This event is highly relevant because it focuses on climate change and"
anna.mueller@example.com,2024-03-01,Neue Grundschule in München eröffnet,"Eine neue Grundschule hat in München eröffnet, um dem wachsenden Bedarf an Schulplätzen gerecht zu werden. Die moderne Einrichtung bietet großzügige Klassenzimmer, eine gut ausgestattete Bibliothek und moderne Sportanlagen. Die Schulleitung betont die Bedeutung von individueller Förderung und digitalem Lernen. Eltern und Schüler sind begeistert von den neuen Möglichkeiten, die die Schule bietet. Die Eröffnung wurde mit einer feierlichen Zeremonie und zahlreichen Gästen gefeiert.",64,-0.9761,5 stars,0.8852970600128174,0.7966741919517517,"Die Grundschule hat in München eröffnet, um dem feierlichen, begonnen, begonnen, begonnen, begonnen, begonnen, begonnen, begonnen, begonnen, begonnen, begonnen, begonnen, begonnen, begonnen, begonnen, den dem dem wachsen",**News Reporter**,"To announce the opening of a new school in Munich, highlighting its features and positive",8,"**The Bavarian state government's announcement of a new education funding plan for the 2024-2025 school year.** 

This"
anna.mueller@example.com,2024-06-15,Neuer Supermarkt in Hamburg eröffnet,"Ein neuer Supermarkt hat in Hamburg seine Türen geöffnet und bietet eine breite Palette an frischen und regionalen Produkten. Der Supermarkt legt großen Wert auf Nachhaltigkeit und bietet zahlreiche Bio-Produkte sowie umweltfreundliche Verpackungen an. Die Eröffnung lockte viele Kunden an, die von den Angeboten und der Qualität der Produkte begeistert waren. Der Supermarkt plant regelmäßige Aktionen und Verkostungen, um die Kundenbindung zu stärken.",63,-0.9136,5 stars,0.8701198697090149,0.1312972605228424,ukukukukukukukukukukukukukukukukukukukukukukukukukukukukukukukukukukukukukukukukukukukukukukukuk,**Business/Consumer**,"To inform readers about a new supermarket in Hamburg, highlighting its sustainability and customer appeal",8,"**The upcoming European Green Deal and its focus on sustainable practices in the food industry.** 

This event is relevant because:

* **Sustainability is a key"
anna.mueller@example.com,2024-09-10,Schulsanierung in Frankfurt abgeschlossen,"Die umfassende Sanierung einer weiterführenden Schule in Frankfurt wurde erfolgreich abgeschlossen. Die Schule wurde mit modernen Klassenzimmern, neuen Laboren und einer verbesserten IT-Infrastruktur ausgestattet. Die Schulleitung und die Stadtverwaltung betonen die Bedeutung der Investition in die Bildung und die Schaffung einer optimalen Lernumgebung. Schüler und Lehrer freuen sich über die verbesserten Bedingungen und die neuen Möglichkeiten, die die renovierte Schule bietet.",61,-0.9927,5 stars,0.7648024559020996,0.7183985114097595,Die Sanierung einer weiterführenden Schule in Frankfurt wurde erfolgreich von einer Schule in in Frankfurt wurde erfolgreich von einer von einer von einer von einer von einer von einer von einer von einer von einer von einer von einer von einer von einer von,**Local News**,"To announce the completion of a major school renovation in Frankfurt, highlighting its benefits for",8,"**The German federal government's announcement of a new education funding plan.** 

**Reasoning:**

* **Focus on Education:** The headline and content"
anna.mueller@example.com,2024-12-05,Neues Einkaufszentrum in Berlin eröffnet,"Ein neues Einkaufszentrum hat in Berlin eröffnet und bietet eine Vielzahl von Geschäften, Restaurants und Unterhaltungsmöglichkeiten. Das Einkaufszentrum ist modern gestaltet und bietet eine angenehme Atmosphäre für Besucher. Die Eröffnung zog viele Menschen an, die die neuen Einkaufsmöglichkeiten und das vielfältige Angebot erkunden wollten. Das Einkaufszentrum plant regelmäßige Veranstaltungen und Sonderaktionen, um die Attraktivität für die Besucher zu erhöhen.",59,-0.9661,5 stars,0.9218065142631531,0.1350487768650055,ukukukukukukukukukukukukukukukukukukukukukukukukukukukukukukukukukukukukukukukukukukukukukukukuk,**Business journalist**,To inform readers about the opening of a new shopping center in Berlin and its attractions,8,"**The upcoming Berlin Christmas Market.** 

The article mentions a new shopping center opening, which is likely to coincide with the holiday season. The Christmas Market is"
anna.mueller@example.com,2025-03-20,Initiative zur Verbesserung der Schulverpflegung in Köln,"Eine neue Initiative zur Verbesserung der Schulverpflegung wurde in Köln gestartet. Ziel ist es, gesunde und ausgewogene Mahlzeiten für Schüler anzubieten. Die Initiative umfasst die Einführung von Bio-Produkten, die Reduzierung von Zucker und Fett sowie die Förderung von regionalen und saisonalen Lebensmitteln. Schulen, Eltern und Schüler sind eingeladen, sich aktiv an der Gestaltung des Verpflegungsangebots zu beteiligen. Die Initiative wird von der Stadtverwaltung und lokalen Unternehmen unterstützt.",67,-0.9661,5 stars,0.7351322174072266,0.6839885115623474,neue Initiative zur Verbesserung der Initiative zur Verbesserung der Initiative zur Verbesserung der Schulverpflegung zur Verbesserung der Schulverpflegung zur Verbesserung der Schulverpflegung zur Verbesserung der Schulverpflegung zur Verbesserung der Schulverpflegung,**Local News**,To inform the public about a new initiative to improve school meals in Cologne.,8,"**The growing awareness and concern about childhood obesity and the health impacts of processed food.** 

This event is relevant because:

* **Health Focus:** The"
